{
  "tables": [
    {
      "table_id": 1,
      "diners": [
        {
          "pastaType": "Spageti",
          "sauceType": "Pesto"
        },
        {
          
          "pastaType": "Penne",
          "sauceType": "Alfredo"
        }
      ]
    },
    {
      "table_id": 2,
      "diners": [
        {

          "pastaType": "Penne",
          "sauceType": "Pesto"
        },
        {

          "pastaType": "Spageti",
          "sauceType": "Bolognese"
        },
        {

          "pastaType": "Spageti",
          "sauceType": "Alfredo"
        }
      ]
    },
    {
      "table_id": 3,
      "diners": [
        {
          "pastaType": "Linguine",
          "sauceType": "Bolognese"
        },
        {

          "pastaType": "Spageti",
          "sauceType": "Alfredo"
        }
      ]
    }
  ]
}
